id,order_id,order_refund_id,original_id,type,content,status,server_response_data,created_date,modified_date,modified_by,created_by,created_by_hash,receiver,receiver_hash
1,1,,,CONFIRMATION,Đặt vé thành công,SUCCESS,"{""status"":""sent""}",2025-12-10 17:33:29.000000,2025-12-11 17:33:29.000000,system,system,bbc5e661e106c6dcd8dc6dd186454c2f,0901234001,028d5e56f4660fc0b02b908e894a2d3f
2,2,,,CONFIRMATION,Đặt vé thành công,SUCCESS,"{""status"":""sent""}",2025-12-03 17:33:29.000000,2025-12-05 17:33:29.000000,system,system,bbc5e661e106c6dcd8dc6dd186454c2f,0901234002,38e9939a4257296693bb7e3b26104482
3,3,,,CONFIRMATION,Đặt vé thành công,SUCCESS,"{""status"":""sent""}",2025-11-12 17:33:29.000000,2025-12-12 17:33:29.000000,system,system,bbc5e661e106c6dcd8dc6dd186454c2f,0901234003,ca62aa9082f76d4a8cd82eed6f0946dd
4,4,,,CONFIRMATION,Đặt vé thành công,SUCCESS,"{""status"":""sent""}",2025-11-17 17:33:29.000000,2025-12-10 17:33:29.000000,system,system,bbc5e661e106c6dcd8dc6dd186454c2f,0901234004,9698001c4751b27317de8ac8fdf9ba94
5,5,,,CONFIRMATION,Đặt vé thành công,SUCCESS,"{""status"":""sent""}",2025-12-07 17:33:29.000000,2025-12-10 17:33:29.000000,system,system,bbc5e661e106c6dcd8dc6dd186454c2f,0901234005,8194589d2a5edca55abd15e570706287
6,6,,,CONFIRMATION,Đặt vé thành công,SUCCESS,"{""status"":""sent""}",2025-11-16 17:33:29.000000,2025-12-05 17:33:29.000000,system,system,bbc5e661e106c6dcd8dc6dd186454c2f,0901234006,57045ed6b4622ac7ce0dd5e9c224db12
7,7,,,CONFIRMATION,Đặt vé thành công,SUCCESS,"{""status"":""sent""}",2025-11-15 17:33:29.000000,2025-12-10 17:33:29.000000,system,system,bbc5e661e106c6dcd8dc6dd186454c2f,0901234007,78b7a97744909da91456d5f1f56ed80b
8,8,,,CONFIRMATION,Đặt vé thành công,SUCCESS,"{""status"":""sent""}",2025-11-25 17:33:29.000000,2025-12-10 17:33:29.000000,system,system,bbc5e661e106c6dcd8dc6dd186454c2f,0901234008,1c68117e9025dac08fe7c0887abee019
9,9,,,CONFIRMATION,Đặt vé thành công,SUCCESS,"{""status"":""sent""}",2025-12-06 17:33:29.000000,2025-12-08 17:33:29.000000,system,system,bbc5e661e106c6dcd8dc6dd186454c2f,0901234009,9330b552c6bb5ac67d4f4be7a082633c
10,10,,,CONFIRMATION,Đặt vé thành công,SUCCESS,"{""status"":""sent""}",2025-11-16 17:33:29.000000,2025-12-07 17:33:29.000000,system,system,bbc5e661e106c6dcd8dc6dd186454c2f,0901234010,2a7541b5764761ba4ffac4e5171c568c
11,11,,,CONFIRMATION,Đặt vé thành công,SUCCESS,"{""status"":""sent""}",2025-11-16 17:33:29.000000,2025-12-11 17:33:29.000000,system,system,bbc5e661e106c6dcd8dc6dd186454c2f,0901234011,48e7f0dd99f06c958c9002868383b97e
12,12,,,CONFIRMATION,Đặt vé thành công,SUCCESS,"{""status"":""sent""}",2025-12-05 17:33:29.000000,2025-12-09 17:33:29.000000,system,system,bbc5e661e106c6dcd8dc6dd186454c2f,0901234012,d0e66c629247bbdceed729cef5e8b0bb
13,13,,,CONFIRMATION,Đặt vé thành công,SUCCESS,"{""status"":""sent""}",2025-12-03 17:33:29.000000,2025-12-10 17:33:29.000000,system,system,bbc5e661e106c6dcd8dc6dd186454c2f,0901234013,70c2a6282e83dd0ab6c910fa0a2c2cba
14,14,,,CONFIRMATION,Đặt vé thành công,SUCCESS,"{""status"":""sent""}",2025-12-04 17:33:29.000000,2025-12-06 17:33:29.000000,system,system,bbc5e661e106c6dcd8dc6dd186454c2f,0901234014,d49b2bc0d0ccd84796bdf2a672fd2c88
15,15,,,CONFIRMATION,Đặt vé thành công,SUCCESS,"{""status"":""sent""}",2025-11-22 17:33:29.000000,2025-12-11 17:33:29.000000,system,system,bbc5e661e106c6dcd8dc6dd186454c2f,0901234015,883c7719b831d969b62d69d4cb8b9c02
16,16,,,CONFIRMATION,Đặt vé thành công,SUCCESS,"{""status"":""sent""}",2025-12-12 17:33:29.000000,2025-12-08 17:33:29.000000,system,system,bbc5e661e106c6dcd8dc6dd186454c2f,0901234016,749be08fd4506cd705ac981ec8469878
17,17,,,CONFIRMATION,Đặt vé thành công,SUCCESS,"{""status"":""sent""}",2025-11-15 17:33:29.000000,2025-12-05 17:33:29.000000,system,system,bbc5e661e106c6dcd8dc6dd186454c2f,0901234017,707d3e61e8762d37a25f0e3dbe111a09
18,18,,,CONFIRMATION,Đặt vé thành công,SUCCESS,"{""status"":""sent""}",2025-11-24 17:33:29.000000,2025-12-10 17:33:29.000000,system,system,bbc5e661e106c6dcd8dc6dd186454c2f,0901234018,10895901696571a3169bbe650f96ff4f
19,19,,,CONFIRMATION,Đặt vé thành công,SUCCESS,"{""status"":""sent""}",2025-12-03 17:33:29.000000,2025-12-10 17:33:29.000000,system,system,bbc5e661e106c6dcd8dc6dd186454c2f,0901234019,ec04f696c4b69a54043d1fd05e26ad2c
20,20,,,CONFIRMATION,Đặt vé thành công,SUCCESS,"{""status"":""sent""}",2025-11-19 17:33:29.000000,2025-12-06 17:33:29.000000,system,system,bbc5e661e106c6dcd8dc6dd186454c2f,0901234020,41fa23defbf4ae47d292c2abc2689a27
21,21,,,CONFIRMATION,Đặt vé thành công,SUCCESS,"{""status"":""sent""}",2025-11-15 17:33:29.000000,2025-12-06 17:33:29.000000,system,system,bbc5e661e106c6dcd8dc6dd186454c2f,0901234021,04321e55c5edd9326cc0212fc22fdfd0
22,22,,,CONFIRMATION,Đặt vé thành công,SUCCESS,"{""status"":""sent""}",2025-12-09 17:33:29.000000,2025-12-07 17:33:29.000000,system,system,bbc5e661e106c6dcd8dc6dd186454c2f,0901234022,57c8f6a1ebb793873568c5b687bc0d5c
23,23,,,CONFIRMATION,Đặt vé thành công,SUCCESS,"{""status"":""sent""}",2025-12-07 17:33:29.000000,2025-12-05 17:33:29.000000,system,system,bbc5e661e106c6dcd8dc6dd186454c2f,0901234023,3d225568ec69fe6236f99b88db31ebf0
24,24,,,CONFIRMATION,Đặt vé thành công,SUCCESS,"{""status"":""sent""}",2025-11-28 17:33:29.000000,2025-12-11 17:33:29.000000,system,system,bbc5e661e106c6dcd8dc6dd186454c2f,0901234024,741b448b3a9be0be7f9a3700bb8d7b30
25,25,,,CONFIRMATION,Đặt vé thành công,SUCCESS,"{""status"":""sent""}",2025-12-03 17:33:29.000000,2025-12-06 17:33:29.000000,system,system,bbc5e661e106c6dcd8dc6dd186454c2f,0901234025,a74b6e666571460813a7efe615586ab6
26,26,,,CONFIRMATION,Đặt vé thành công,SUCCESS,"{""status"":""sent""}",2025-12-09 17:33:29.000000,2025-12-05 17:33:29.000000,system,system,bbc5e661e106c6dcd8dc6dd186454c2f,0901234026,53a297d63649e6150a586fb340912ade
27,27,,,CONFIRMATION,Đặt vé thành công,SUCCESS,"{""status"":""sent""}",2025-11-22 17:33:29.000000,2025-12-11 17:33:29.000000,system,system,bbc5e661e106c6dcd8dc6dd186454c2f,0901234027,860b3a6b675a30544122f31be675d4a7
28,28,,,CONFIRMATION,Đặt vé thành công,SUCCESS,"{""status"":""sent""}",2025-11-29 17:33:29.000000,2025-12-08 17:33:29.000000,system,system,bbc5e661e106c6dcd8dc6dd186454c2f,0901234028,a4c41afe31b690c5e70d3f7b5eab900c
29,29,,,CONFIRMATION,Đặt vé thành công,SUCCESS,"{""status"":""sent""}",2025-11-30 17:33:29.000000,2025-12-10 17:33:29.000000,system,system,bbc5e661e106c6dcd8dc6dd186454c2f,0901234029,0fe7b093146cd01d08f1015a3cd1269f
30,30,,,CONFIRMATION,Đặt vé thành công,SUCCESS,"{""status"":""sent""}",2025-11-14 17:33:29.000000,2025-12-08 17:33:29.000000,system,system,bbc5e661e106c6dcd8dc6dd186454c2f,0901234030,a7c1b13b000b6e76b61bf171c790342a
